A152A,1,1,1,1
Q359Q,1,1,1,1
K183K,1,1,1,1
W379W,1,1,1,1
T322T,1,1,1,1
V205M,0.494,1.609,2.73,0.411
Q107H,0.47,0.98,0.97,1.08
K557K,1,1,1,1
P117P,1,1,1,1
L131L,1,1,1,1
F232F,1,1,1,1
S209P,0.92,0.98,0.84,nan
I132L,1.27,1.07,1.91,1.89
K318K,1,1,1,1
A329A,1,1,1,1
T327T,1,1,1,1
T144T,1,1,1,1
R562R,1,1,1,1
K196K,1,1,1,1
K285K,1,1,1,1
I263I,1,1,1,1
L236P,0.3,10000,0.35,10000
S330S,1,1,1,1
P117L,0.08,nan,nan,nan
V165M,1.009,0.865,1.03,1.139
L342L,1,1,1,1
Y125Y,1,1,1,1
K393K,1,1,1,1
L236R,0.09,nan,1.48,nan
P387P,1,1,1,1
S177S,1,1,1,1
H105N,0.84,1,1.66,1
Y171Y,1,1,1,1
H126L,0.11,nan,0.56,nan
G297G,1,1,1,1
I514I,1,1,1,1
T104I,0.2,1.1,1.95,0.93
W323L,0.182,0.618,0.55,0.841
S140R,0.14,nan,nan,nan
V212V,1,1,1,1
C214C,1,1,1,1
V129A,0.058,nan,0.21,nan
F275F,1,1,1,1
V207V,1,1,1,1
Y299Y,1,1,1,1
E284E,1,1,1,1
R360R,1,1,1,1
H105L,1.35,0.84,0.74,1.01
D202D,1,1,1,1
A344V,0.21,1.81,1.48,1.68
L114P,0.1,nan,nan,nan
C122Y,0.09,1.4,1.66,0.443
T169R,0.04,nan,nan,nan
K196T,0.24,1.51,3.01,1.04
F523F,1,1,1,1
R195Q,1.2,1.13,1.24,1.1
F113F,1,1,1,1
L187P,1.26,0.99,0.95,1.07
L236L,1,1,1,1
L233L,1,1,1,1
G189G,1,1,1,1
V334V,1,1,1,1
A150T,0.8,1.04,1.47,0.99
R181H,1.113,1.247,1.21,0.873
K362K,1,1,1,1
A128A,1,1,1,1
G189E,0.17,nan,nan,nan
E295E,1,1,1,1
I274I,1,1,1,1
N365A,0.256,1.479,0.99,0.39
L273L,1,1,1,1
I542I,1,1,1,1
L175L,1,1,1,1
Q234P,0.18,10000,3.02,10000
P197L,1.38,1.04,0.91,0.88
E115E,1,1,1,1
L151L,1,1,1,1
E146E,1,1,1,1
F139F,1,1,1,1
S217S,1,1,1,1
L213L,1,1,1,1
C331C,1,1,1,1
I346I,1,1,1,1
L134P,0.09,nan,nan,nan
Q531Q,1,1,1,1
N365N,1,1,1,1
S333S,1,1,1,1
T311T,1,1,1,1
R380R,1,1,1,1
I227I,1,1,1,1
R195R,1,1,1,1
M520M,1,1,1,1
L156L,1,1,1,1
D564D,1,1,1,1
W120W,1,1,1,1
R366R,1,1,1,1
F193L,0.01,nan,nan,nan
L203L,1,1,1,1
F340L,0.037,nan,nan,nan
G229D,1.86,-1.012,nan,nan
T265T,1,1,1,1
A178A,1,1,1,1
I200I,1,1,1,1
V554V,1,1,1,1
N112N,1,1,1,1
G272G,1,1,1,1
S225S,1,1,1,1
I375I,1,1,1,1
Y382Y,1,1,1,1
R243R,1,1,1,1
Q361Q,1,1,1,1
K121K,1,1,1,1
A370A,1,1,1,1
T312T,1,1,1,1
A344A,1,1,1,1
G245G,1,1,1,1
L353L,1,1,1,1
R174P,0.05,nan,nan,nan
L559L,1,1,1,1
V135I,1.15,0.83,0.84,0.99
S338S,1,1,1,1
V254V,1,1,1,1
C180C,1,1,1,1
R539R,1,1,1,1
G252G,1,1,1,1
S253S,1,1,1,1
I230I,1,1,1,1
C381C,1,1,1,1
S209S,1,1,1,1
T144A,0.98,0.5,0.69,1.18
G186S,0.18,1.358,1.08,0.85
T153M,2.13,0.99,0.58,1.04
L114L,1,1,1,1
A194A,1,1,1,1
V294V,1,1,1,1
D317D,1,1,1,1
V541V,1,1,1,1
V135A,0.88,0.93,1.02,1.19
V324V,1,1,1,1
W323A,0.235,0.812,0.59,0.978
C136F,0.3,0.75,1.19,0.5
C122C,1,1,1,1
G348G,1,1,1,1
M553M,1,1,1,1
L251L,1,1,1,1
T391T,1,1,1,1
V524V,1,1,1,1
L239L,1,1,1,1
Q565Q,1,1,1,1
F340F,1,1,1,1
T104T,1,1,1,1
Y267F,0.211,1.416,1.03,0.306
N386N,1,1,1,1
E170E,1,1,1,1
A525A,1,1,1,1
V162V,1,1,1,1
W176R,0.12,nan,0.16,0.57
Q321Q,1,1,1,1
A194P,0.06,nan,nan,nan
L282L,1,1,1,1
F127L,0.48,1.22,0.93,0.73
A150G,1.84,1.03,1.53,1.02
R228R,1,1,1,1
L203P,0.02,nan,nan,nan
R181L,0.995,1.148,1.29,0.898
L550L,1,1,1,1
R190P,0.12,nan,0.53,1.55
F166F,1,1,1,1
W305W,1,1,1,1
R533R,1,1,1,1
S225W,0.57,0.26,0.95,nan
H363H,1,1,1,1
W323W,1,1,1,1
D388N,1.031,1.071,1.51,0.948
L347L,1,1,1,1
V106V,1,1,1,1
G548G,1,1,1,1
V288V,1,1,1,1
L374L,1,1,1,1
C136C,1,1,1,1
D242D,1,1,1,1
R174H,0.13,nan,nan,nan
D202G,0.09,nan,nan,nan
A150A,1,1,1,1
A383A,1,1,1,1
K528K,1,1,1,1
R293R,1,1,1,1
F130F,1,1,1,1
T169M,0.69,0.98,1.13,0.98
F279F,1,1,1,1
R259H,0.225,1.531,1.83,0.753
L266L,1,1,1,1
K526K,1,1,1,1
Q547Q,1,1,1,1
W188W,1,1,1,1
P535P,1,1,1,1
A532A,1,1,1,1
I368I,1,1,1,1
V280V,1,1,1,1
K218E,0.99,0.81,0.7,1.1
S199A,1.72,0.661,0.46,0.95
R190L,0.05,nan,2.84,nan
T104S,1.43,0.93,1.05,1.05
I198V,0.385,1.321,1.07,0.601
R109L,1.24,0.88,0.8,1.02
Q521Q,1,1,1,1
A378A,1,1,1,1
E160K,0.12,nan,0.61,nan
R231M,0.539,-0.644,1.18,nan
V241V,1,1,1,1
Y111Y,1,1,1,1
Q376Q,1,1,1,1
I161I,1,1,1,1
F332F,1,1,1,1
M210I,1.47,0.97,1.03,0.95
N551N,1,1,1,1
A300T,0.21,0.24,1.22,0.74
V165V,1,1,1,1
L271L,1,1,1,1
T309T,1,1,1,1
N289N,1,1,1,1
I201I,1,1,1,1
M210M,1,1,1,1
L303L,1,1,1,1
W176W,1,1,1,1
V135V,1,1,1,1
Y184Y,1,1,1,1
V310V,1,1,1,1
A287A,1,1,1,1
V207M,0.95,1.02,1.09,0.95
L163L,1,1,1,1
F335F,1,1,1,1
V133V,1,1,1,1
A223A,1,1,1,1
R231R,1,1,1,1
E558E,1,1,1,1
Y315Y,1,1,1,1
A287V,1.025,0.928,1.52,1.226
G179G,1,1,1,1
R533W,0.074,nan,nan,nan
S389S,1,1,1,1
C381Y,0.607,1.078,1.6,1.07
A372A,1,1,1,1
I227L,0.45,1.08,0.74,1.56
V215M,0.404,1.325,1.2,0.531
I567I,1,1,1,1
S373S,1,1,1,1
S182S,1,1,1,1
L191P,0.02,nan,nan,nan
E290K,0.575,1.29,1.45,0.905
F351F,1,1,1,1
A149V,1.15,1.01,1.18,0.93
Y171H,0.101,0.761,nan,nan
L250L,1,1,1,1
R519H,0.164,1.066,1.71,0.975
G154G,1,1,1,1
I517I,1,1,1,1
K218K,1,1,1,1
Y111C,0.08,nan,nan,nan
T118T,1,1,1,1
A371A,1,1,1,1
R116R,1,1,1,1
V172M,1.117,1.024,1.11,1.128
F296F,1,1,1,1
Y545Y,1,1,1,1
R174R,1,1,1,1
F123F,1,1,1,1
K362A,0.265,1.484,2.71,0.34
P369P,1,1,1,1
Y281Y,1,1,1,1
Y536Y,1,1,1,1
A300E,0.07,nan,0.51,nan
S277S,1,1,1,1
G168G,1,1,1,1
P197S,0.48,0.87,0.71,0.59
V162M,0.71,1.25,1.15,0.78
Q357Q,1,1,1,1
W392W,1,1,1,1
E385E,1,1,1,1
V221V,1,1,1,1
G219G,1,1,1,1
S390S,1,1,1,1
S276S,1,1,1,1
Q367Q,1,1,1,1
G246G,1,1,1,1
E290E,1,1,1,1
F157F,1,1,1,1
F222F,1,1,1,1
V280E,0.035,nan,nan,nan
V516V,1,1,1,1
I204I,1,1,1,1
Q244Q,1,1,1,1
I328I,1,1,1,1
R231C,0.82,-0.56,1.11,0.93
L131P,0.17,nan,nan,nan
R195P,0.08,nan,2.11,nan
V255V,1,1,1,1
R192H,0.585,1.093,1.02,0.993
I198I,1,1,1,1
K534K,1,1,1,1
Y522Y,1,1,1,1
G306G,1,1,1,1
V173V,1,1,1,1
L187L,1,1,1,1
Q531E,0.491,1.148,1.3,0.897
I257I,1,1,1,1
E160E,1,1,1,1
L134L,1,1,1,1
Q356Q,1,1,1,1
G186D,0.065,nan,nan,nan
G119R,0.16,nan,1.22,nan
K527K,1,1,1,1
E115G,0.16,nan,nan,nan
T377T,1,1,1,1
S291S,1,1,1,1
V241I,0.79,1.27,0.91,0.57
A352A,1,1,1,1
Q234Q,1,1,1,1
V129I,0.82,1.12,1.61,1.19
H240H,1,1,1,1
I235I,1,1,1,1
H258H,1,1,1,1
V124V,1,1,1,1
C381W,0.735,1.197,1.92,0.752
E146G,0.655,1.108,1.35,1.044
D301D,1,1,1,1
E543E,1,1,1,1
Y125D,0.08,nan,0.58,1.52
G186G,1,1,1,1
A226A,1,1,1,1
G292G,1,1,1,1
R561R,1,1,1,1
G179S,0.11,nan,1.35,0.81
W248W,1,1,1,1
Q544Q,1,1,1,1
T513T,1,1,1,1
I138I,1,1,1,1
V308V,1,1,1,1
L563L,1,1,1,1
L262L,1,1,1,1
R192C,0.61,0.95,1.02,0.96
A336A,1,1,1,1
P197P,1,1,1,1
Y267Y,1,1,1,1
V211V,1,1,1,1
L552L,1,1,1,1
Q220Q,1,1,1,1
S349S,1,1,1,1
R192R,1,1,1,1
A150V,0.61,0.96,0.93,1.01
V133I,1.1,0.91,0.87,0.85
A302A,1,1,1,1
I268I,1,1,1,1
S140S,1,1,1,1
R231F,1.538,-0.337,2.19,1.627
I204F,0.47,1.66,1.63,1.38
G325G,1,1,1,1
G350G,1,1,1,1
P320P,1,1,1,1
V124I,0.92,0.97,1.34,1.01
G345G,1,1,1,1
A384A,1,1,1,1
A287E,0.858,0.933,1.71,1.121
M238M,1,1,1,1
V106I,0.79,1.07,1.18,0.95
R518R,1,1,1,1
G179A,0.15,0.21,nan,nan
L137L,1,1,1,1
S546S,1,1,1,1
W323F,0.856,1.002,1.12,0.893
G314G,1,1,1,1
R519R,1,1,1,1
R190R,1,1,1,1
G216G,1,1,1,1
F167F,1,1,1,1
R174C,0.08,nan,nan,1.98
R237R,1,1,1,1
V319V,1,1,1,1
G229G,1,1,1,1
S298S,1,1,1,1
V129V,1,1,1,1
R109R,1,1,1,1
V205V,1,1,1,1
T169T,1,1,1,1
R249R,1,1,1,1
A341A,1,1,1,1
A149A,1,1,1,1
F127F,1,1,1,1
G316G,1,1,1,1
D388D,1,1,1,1
I132I,1,1,1,1
G189A,0.07,nan,nan,nan
A283A,1,1,1,1
V172V,1,1,1,1
V215V,1,1,1,1
R243C,0.026,nan,nan,nan
F270F,1,1,1,1
V307V,1,1,1,1
F166M,0.529,0.596,0.48,1.029
F529F,1,1,1,1
I337I,1,1,1,1
R181R,1,1,1,1
Q530Q,1,1,1,1
F339F,1,1,1,1
T224T,1,1,1,1
V185V,1,1,1,1
V110V,1,1,1,1
M159M,1,1,1,1
W158W,1,1,1,1
H126H,1,1,1,1
I313I,1,1,1,1
K515K,1,1,1,1
S225L,0.07,nan,nan,nan
G119G,1,1,1,1
V215G,0.55,1.35,1.23,0.71
K326K,1,1,1,1
Y278Y,1,1,1,1
H549H,1,1,1,1
R555R,1,1,1,1
T153T,1,1,1,1
L191L,1,1,1,1
P343P,1,1,1,1
G108G,1,1,1,1
I145I,1,1,1,1
Q560Q,1,1,1,1
E160V,0.08,nan,nan,nan
F279I,1.19,1.15,1.24,0.68
A128T,0.98,0.9,0.98,0.87
G186C,0.04,nan,nan,nan
V164V,1,1,1,1
S566S,1,1,1,1
V141V,1,1,1,1
L142L,1,1,1,1
S199S,1,1,1,1
G245R,0.06,nan,nan,nan
H105H,1,1,1,1
F364F,1,1,1,1
R259R,1,1,1,1
V206V,1,1,1,1
Q260Q,1,1,1,1
K183R,1.09,1.059,1.03,1.02
D286D,1,1,1,1
F256F,1,1,1,1
Q107Q,1,1,1,1
S143S,1,1,1,1
W304W,1,1,1,1
E261E,1,1,1,1
V355V,1,1,1,1
Y148Y,1,1,1,1
T118S,0.86,1.13,1.42,1.14
K354K,1,1,1,1
R195W,1.04,0.839,0.67,0.998
E146K,0.83,1.22,1.17,1.01
A208A,1,1,1,1
V110I,0.43,1.05,1.43,0.95
R174L,0.15,nan,1.76,nan
F193F,1,1,1,1
T155T,1,1,1,1
Q147Q,1,1,1,1
D537D,1,1,1,1
T264T,1,1,1,1
G269G,1,1,1,1
V538V,1,1,1,1
T247T,1,1,1,1
I556I,1,1,1,1
H105Y,1.59,1.05,1.28,0.99
F157S,0.22,1.741,1.54,nan
D540D,1,1,1,1
K358K,1,1,1,1
A300A,1,1,1,1
