A152A ,0.075,0.05,0.0899097,0.142432,-0.0346894,0.0455822,35.1308,0.490326,0,0,0,0,0,0,0,0
Q359Q ,-0.201,0.18,0.21425,0.179357,-0.0346894,-0.150672,11.9119,0,0,0,0,0,0,0,0,0
K183K ,-0.131,0.22,0.231,0.172352,-0.0828447,-0.0835271,37.5395,0.053246,0,0,0,0,0,0,0,0
W379W ,0.299,0.41,0.150692,0.156275,-0.0346894,-0.0007995,37.5632,0,0,0,0,0,0,0,0,0
T322T ,0.009,0.11,0.211594,0.178336,-0.0346894,-0.0693277,18.3559,0.320593,0,0,0,0,0,0,0,0
V205M ,-0.14,0.22,0.141965,0.157256,-0.100345,-0.0223534,35.8186,1,0,0,1.43,6.81,1,1,1,1
Q107H ,-0.11,0.23,0.136924,0.198206,-0.0368447,0.0252544,44.7456,0.202124,1,1,0.71,8.26,1,0,0,0
K557K ,-0.22,0.22,0.188548,0.194463,-0.0346894,-0.0611861,10.5451,0,0,0,0,0,0,0,0,0
P117P ,-0.103,0,0.108756,0.196148,-0.0688447,0.0302196,32.0709,0.685744,0,0,0,0,0,0,0,0
L131L ,-0.187,0.19,0.17666,0.181121,-0.110845,-0.162575,31.4283,1,0,0,0,0,0,0,0,0
F232F ,-0.169,0.29,0.201969,0.17305,-0.0346894,-0.148335,28.422,1,0,0,0,0,0,0,0,0
S209P ,0.358,0,0.128409,0.150901,0.0076553,-0.0983697,39.3496,1,-1,-1,1.12,8.45,0,0,0,nan
I132L ,-0.187,0.19,0.139344,0.190817,-0.121345,-0.148571,34.0909,1,0,0,0,0.63,1,0,1,1
K318K ,-0.131,0.22,0.169698,0.134571,-0.0346894,-0.0179221,10.3401,0.436888,0,0,0,0,0,0,0,0
A329A ,-0.13,0.05,0.130621,0.176836,-0.0346894,-0.0386057,14.8616,1,0,0,0,0,0,0,0,0
T327T ,0.009,0.11,0.151163,0.173315,-0.0346894,-0.0630515,19.45,0.999995,0,0,0,0,0,0,0,0
T144T ,0.009,0.11,0.134539,0.152474,-0.0128447,0.0243174,25.9753,0.478192,0,0,0,0,0,0,0,0
R562R ,-0.147,0.29,0.195148,0.1815,-0.0346894,-0.0977509,9.90297,0,0,0,0,0,0,0,0,0
K196K ,-0.131,0.22,0.160345,0.19395,-0.0828447,-0.0141361,34.201,0.97781,0,0,0,0,0,0,0,0
K285K ,-0.131,0.22,0.158851,0.14255,-0.0346894,-0.0264697,23.3216,0.109047,0,0,0,0,0,0,0,0
I263I ,-0.208,0.19,0.191386,0.186564,-0.0346894,-0.0907051,17.8003,1,0,0,0,0,0,0,0,0
L236P ,0.358,0,0.206656,0.173283,-0.13623,-0.0991123,29.507,1,0,0,-1.28,9.77,1,1,1,1
S330S ,0.05,0.06,0.117833,0.180119,-0.0346894,-0.0456149,15.6875,1,0,0,0,0,0,0,0,0
P117L ,0.094,0.19,0.108756,0.196148,-0.0688447,0.0302196,32.0709,0.685744,0,0,1.28,12.45,1,1,1,1
V165M ,-0.14,0.22,0.158181,0.172671,-0.100345,-0.125352,44.3164,1,0,0,1.43,5.24,0,0,0,0
L342L ,-0.187,0.19,0.0891095,0.109857,-0.0346894,-0.0336316,7.67663,1,0,0,0,0,0,0,0,0
Y125Y ,-0.038,0.3,0.15508,0.194346,-0.0363447,0.00857429,36.9311,1,0,0,0,0,0,0,0,0
K393K ,-0.22,0.22,0.112333,0.167356,-0.0346894,-0.0232298,39.0592,0,0,0,0,0,0,0,0,0
L236R ,0.444,0.29,0.206656,0.173283,-0.13623,-0.0991123,29.507,1,0,3,2.13,9.01,1,1,1,1
P387P ,-0.137,0,0.129682,0.148263,-0.0346894,-0.108382,46.0776,0,0,0,0,0,0,0,0,0
S177S ,-0.023,0.06,0.18723,0.184417,-0.0346894,0.0646444,42.1758,0.631508,0,0,0,0,0,0,0,0
H105N ,-0.114,0.13,0.163,0.163722,-0.0386724,0.011479,45.15,0,-1,-1,-1.71,2.8,0,0,0,0
Y171Y ,-0.038,0.3,0.20041,0.191234,-0.0363447,0.220712,40.9675,1,0,0,0,0,0,0,0,0
H126L ,-0.187,0.19,0.1967,0.191064,0.0781553,0.0286311,32.7384,1,-2,-2,-0.66,14.14,1,1,1,1
G297G ,-0.019,0,0.154294,0.1396,-0.0346894,-0.0177236,19.7584,0.0601498,0,0,0,0,0,0,0,0
I514I ,0.157,0.19,0.186687,0.190368,-0.0346894,-0.0328836,34.4997,0,0,0,0,0,0,0,0,0
T104I ,0.157,0.19,0.176333,0.170773,-0.0195631,0.00836784,48.9289,0,-1,-1,1.4,5.56,1,0,1,0
W323L ,0.094,0.19,0.268489,0.166909,-0.169172,-0.0832816,22.1888,0.572088,0,-1,-4.08,16.11,1,1,1,0
S140R ,-0.128,0.29,0.19184,0.15668,-0.0288447,-0.0527841,29.1295,0.975391,-1,2,4.53,8.06,1,1,1,1
V212V ,0.147,0.14,0.103049,0.139267,-0.0346894,0.0331427,40.6938,0.979102,0,0,0,0,0,0,0,0
C214C ,0.369,0.13,0.138678,0.134111,-0.0346894,0.0290656,45.9369,0.941617,0,0,0,0,0,0,0,0
V129A ,-0.13,0.05,0.186865,0.195636,-0.12223,-0.0807238,33.7612,1,0,0,-2,7.17,1,1,1,1
F275F ,-0.169,0.29,0.132833,0.196427,-0.0346894,-0.112115,22.1928,1,0,0,0,0,0,0,0,0
V207V ,-0.166,0.14,0.149386,0.13874,-0.100345,-0.130012,41.287,1,0,0,0,0,0,0,0,0
Y299Y ,-0.012,0.3,0.112295,0.173862,-0.0346894,0.0227583,21.8298,0.941362,0,0,0,0,0,0,0,0
E284E ,0.071,0.15,0.114985,0.172548,-0.0346894,0.0393236,18.3112,0.405473,0,0,0,0,0,0,0,0
R360R ,-0.147,0.29,0.17675,0.168676,-0.0346894,-0.159422,7.8768,0,0,0,0,0,0,0,0,0
H105L ,0.151,0.19,0.163,0.163722,-0.0386724,0.011479,45.15,0,-2,-2,-0.66,6.34,1,0,0,0
D202D ,0.574,0.11,0.166212,0.17257,0.269655,-0.0486178,36.2392,1,0,0,0,0,0,0,0,0
A344V ,-0.166,0.14,0.0928486,0.123777,-0.0823447,-0.0417862,5.69591,1,0,0,2,7.4,1,1,0,1
L114P ,-0.103,0,0.233587,0.195472,0.0296553,0.191903,37.5784,0.967754,0,0,-1.28,8.91,1,1,1,1
C122Y ,-0.012,0.3,0.162467,0.181865,0.167155,-0.00897929,35.4444,0.932019,1,1,4.04,12.27,1,1,1,1
T169R ,0.444,0.29,0.152451,0.2053,-0.00956313,-0.051186,44.476,1,-1,2,3.53,5.17,1,1,1,1
K196T ,0.009,0.11,0.160345,0.19395,-0.0828447,-0.0141361,34.201,0.97781,1,0,-2.17,8.69,1,1,1,0
F523F ,0.294,0.29,0.233283,0.180428,-0.0346894,-0.0297088,27.1578,0,0,0,0,0,0,0,0,0
R195Q ,-0.039,0.18,0.221621,0.185364,-0.104672,-0.114917,37.6358,0.975599,1,-2,-2.18,7.6,1,0,0,0
F113F ,-0.034,0.29,0.147926,0.188196,-0.0346894,0.12385,38.1115,0.888075,0,0,0,0,0,0,0,0
L187P ,-0.103,0,0.152905,0.146047,0.0296553,-0.0586684,49.2014,0.730329,0,0,-1.28,4.22,1,0,0,0
L236L ,-0.187,0.19,0.206656,0.173283,-0.13623,-0.0991123,29.507,1,0,0,0,0,0,0,0,0
L233L ,-0.187,0.19,0.148202,0.162985,-0.0346894,-0.0365504,32.8671,1,0,0,0,0,0,0,0,0
G189G ,-0.019,0,0.168946,0.176674,-0.0242298,-0.0371266,43.2499,0.471256,0,0,0,0,0,0,0,0
V334V ,-0.166,0.14,0.1514,0.140121,-0.0346894,-0.0983379,11.8705,1,0,0,0,0,0,0,0,0
A150T ,0.009,0.11,0.0877,0.121,0.0475777,0.0527311,35.2096,0.00996077,1,1,1.6,0.84,0,0,0,0
R181H ,-0.11,0.23,0.211366,0.188656,-0.0968965,-0.0222022,36.9793,0.05748,2,-1,-1.47,8.37,0,0,0,0
K362K ,-0.22,0.22,0.163857,0.194175,-0.127345,-0.0712413,14.4232,0,0,0,0,0,0,0,0,0
A128A ,-0.13,0.05,0.196713,0.193655,-0.0823447,-0.145047,34.3312,1,0,0,0,0,0,0,0,0
G189E ,0.071,0.15,0.168946,0.176674,-0.0242298,-0.0371266,43.2499,0.471256,2,0,3.78,9.91,1,1,1,1
E295E ,0.071,0.15,0.194926,0.132391,-0.0346894,-0.0435414,12.6272,0.0570749,0,0,0,0,0,0,0,0
I274I ,-0.208,0.19,0.171246,0.183064,-0.0346894,-0.121344,20.4289,1,0,0,0,0,0,0,0,0
N365A ,0.081,0.05,0.217729,0.1605,-0.0743447,0.0109895,21.6313,0,-1,-1,-1.95,8.88,1,1,0,1
L273L ,-0.187,0.19,0.110732,0.173643,-0.0346894,-0.0854436,15.9384,1,0,0,0,0,0,0,0,0
I542I ,0.157,0.19,0.155973,0.169747,-0.0346894,-0.038205,7.13258,0,0,0,0,0,0,0,0,0
L175L ,0.094,0.19,0.230447,0.167743,-0.0346894,0.0470945,43.6592,0.991999,0,0,0,0,0,0,0,0
Q234P ,0.358,0,0.184111,0.167624,0.173155,0.0089234,31.0146,1,-1,-1,-1.23,10.9,1,1,1,1
P197L ,-0.187,0.19,0.1297,0.176692,0.227104,-0.0104689,31.8885,1,0,0,1.28,12.79,1,0,0,0
E115E ,0.071,0.15,0.236391,0.179222,0.0181553,0.0964208,33.9258,0.769611,0,0,0,0,0,0,0,0
L151L ,0.094,0.19,0.0735234,0.119374,-0.0346894,0.0517902,36.4786,0.147904,0,0,0,0,0,0,0,0
E146E ,-0.318,0.15,0.1674,0.121731,-0.223563,-0.116938,26.0733,0,0,0,0,0,0,0,0,0
F139F ,-0.034,0.29,0.134709,0.156688,-0.0346894,-0.0612426,31.972,0.997889,0,0,0,0,0,0,0,0
S217S ,-0.023,0.06,0.112305,0.117397,-0.0346894,-0.0304853,39.635,0.357461,0,0,0,0,0,0,0,0
L213L ,-0.187,0.19,0.120073,0.132976,-0.0346894,0.00497568,42.7103,1,0,0,0,0,0,0,0,0
C331C ,0.04,0.13,0.135278,0.15315,-0.0346894,-0.0708103,17.7219,1,0,0,0,0,0,0,0,0
I346I ,0.125,0.19,0.0907577,0.115302,-0.0346894,-0.04216,7.0976,0.993598,0,0,0,0,0,0,0,0
L134P ,0.358,0,0.172768,0.176404,-0.110845,-0.155109,27.6977,1,0,0,-1.28,8.17,1,1,1,1
Q531Q ,-0.201,0.18,0.176714,0.180946,-0.117845,-0.145098,15.5271,0,0,0,0,0,0,0,0,0
N365N ,-0.114,0.13,0.217729,0.1605,-0.0743447,0.0109895,21.6313,0,0,0,0,0,0,0,0,0
S333S ,0.05,0.06,0.141391,0.162393,-0.0346894,-0.0967506,12.129,1,0,0,0,0,0,0,0,0
T311T ,0.003,0.11,0.14371,0.137825,-0.0346894,-0.105846,7.02298,1,0,0,0,0,0,0,0,0
R380R ,-0.147,0.29,0.198008,0.176162,-0.0346894,-0.0412239,34.0972,0,0,0,0,0,0,0,0,0
I227I ,0.125,0.19,0.135391,0.138706,0.0451553,-0.00459476,35.1777,0.496489,0,0,0,0,0,0,0,0
R195R ,-0.128,0.29,0.221621,0.185364,-0.104672,-0.114917,37.6358,0.975599,0,0,0,0,0,0,0,0
M520M ,0.136,0.22,0.223491,0.189561,-0.0346894,-0.00389863,26.9824,0,0,0,0,0,0,0,0,0
L156L ,0.094,0.19,0.131969,0.146621,-0.0346894,0.0230639,36.4844,0.953821,0,0,0,0,0,0,0,0
D564D ,-0.237,0.11,0.196524,0.18822,-0.0346894,-0.0426249,9.58293,0,0,0,0,0,0,0,0,0
W120W ,-0.214,0.41,0.124382,0.16835,-0.0346894,-0.0976364,35.5263,0.866696,0,0,0,0,0,0,0,0
R366R ,-0.147,0.29,0.16425,0.172482,-0.0346894,-0.0756724,18.2838,0,0,0,0,0,0,0,0,0
F193L ,0.094,0.19,0.179389,0.175112,-0.0343447,-0.0796923,38.1363,0.910749,0,0,-1.89,8.26,1,1,1,1
L203L ,-0.187,0.19,0.15799,0.168105,-0.110845,-0.0358333,39.6042,1,0,0,0,0,0,0,0,0
F340L ,-0.187,0.19,0.140589,0.130524,-0.101845,-0.134561,10.0602,1,0,0,-1.89,9.32,1,1,1,1
G229D ,-0.068,0.11,0.139323,0.155477,-0.0268447,-0.0574285,33.5395,0.998295,2,0,2.78,7.53,1,1,nan,nan
T265T ,0.003,0.11,0.185442,0.161668,-0.0346894,-0.144645,13.5721,1,0,0,0,0,0,0,0,0
A178A ,0.075,0.05,0.177829,0.184003,-0.0346894,-0.0163112,41.8101,0.463003,0,0,0,0,0,0,0,0
I200I ,-0.208,0.19,0.111091,0.174026,-0.0346894,0.0097285,35.8476,1,0,0,0,0,0,0,0,0
V554V ,0.066,0.14,0.201378,0.195873,-0.0346894,-0.0161857,10.546,0,0,0,0,0,0,0,0,0
N112N ,-0.143,0.13,0.183948,0.190666,-0.0346894,-0.0339624,37.0738,0.329789,0,0,0,0,0,0,0,0
G272G ,-0.085,0,0.156826,0.186208,-0.0346894,-0.121224,17.7247,1,0,0,0,0,0,0,0,0
S225S ,-0.023,0.06,0.095459,0.15532,-0.0268965,-0.0175451,38.0541,0.998404,0,0,0,0,0,0,0,0
I375I ,0.157,0.19,0.107125,0.160242,-0.0346894,0.015418,31.169,0,0,0,0,0,0,0,0,0
Y382Y ,0.053,0.3,0.139963,0.161966,-0.0346894,-0.147472,40.4402,0,0,0,0,0,0,0,0,0
R243R ,0.444,0.29,0.183692,0.1823,0.204655,0.0932136,30.8995,1,0,0,0,0,0,0,0,0
Q361Q ,-0.201,0.18,0.16069,0.19525,-0.0346894,-0.161709,14.3747,0,0,0,0,0,0,0,0,0
K121K ,-0.131,0.22,0.13951,0.175571,-0.0346894,0.0704472,38.1399,0.805035,0,0,0,0,0,0,0,0
A370A ,0.081,0.05,0.115099,0.172131,-0.0346894,0.0509552,23.1208,0,0,0,0,0,0,0,0,0
T312T ,0.003,0.11,0.128834,0.137453,-0.0346894,-0.0838482,3.34519,1,0,0,0,0,0,0,0,0
A344A ,-0.13,0.05,0.0928486,0.123777,-0.0823447,-0.0417862,5.69591,1,0,0,0,0,0,0,0,0
G245G ,-0.019,0,0.126393,0.160083,-0.0268447,0.0477843,25.2017,0.959134,0,0,0,0,0,0,0,0
L353L ,0.094,0.19,0.121284,0.13371,-0.0346894,-0.0737848,5.28329,0.158386,0,0,0,0,0,0,0,0
R174P ,0.358,0,0.227321,0.192792,0.348262,0.189785,38.8316,1,0,-3,-3.41,10.67,1,1,1,1
L559L ,0.151,0.19,0.192399,0.19718,-0.0346894,-0.0847939,5.32478,0,0,0,0,0,0,0,0,0
V135I ,-0.208,0.19,0.173809,0.165239,-0.12223,-0.135009,31.3905,1,0,0,1,0.35,0,0,0,0
S338S ,0.05,0.06,0.115222,0.127312,-0.0346894,-0.084521,8.63362,1,0,0,0,0,0,0,0,0
V254V ,0.147,0.14,0.157673,0.148136,-0.0346894,-0.0172261,13.4087,0.789101,0,0,0,0,0,0,0,0
C180C ,0.369,0.13,0.150376,0.18012,-0.0346894,-0.0389286,41.0361,0.0449979,0,0,0,0,0,0,0,0
R539R ,-0.147,0.29,0.1654,0.169868,-0.0346894,-0.0779379,10.5124,0,0,0,0,0,0,0,0,0
G252G ,-0.019,0,0.147833,0.174863,-0.0346894,0.0238851,18.3326,0.932915,0,0,0,0,0,0,0,0
S253S ,-0.023,0.06,0.159394,0.172271,-0.0346894,0.0510378,17.0183,0.576855,0,0,0,0,0,0,0,0
I230I ,-0.208,0.19,0.155437,0.158051,-0.0346894,0.00201941,33.5838,1,0,0,0,0,0,0,0,0
C381C ,-0.25,0.13,0.153437,0.197093,-0.17823,-0.0532637,35.7358,0,0,0,0,0,0,0,0,0
S209S ,0.05,0.06,0.128409,0.150901,0.0076553,-0.0983697,39.3496,1,0,0,0,0,0,0,0,0
T144A ,0.075,0.05,0.134539,0.152474,-0.0128447,0.0243174,25.9753,0.478192,-1,-1,-1.6,8.11,0,1,1,0
G186S ,-0.023,0.06,0.119769,0.171971,-0.0229224,-0.0152069,47.5597,0.308226,1,1,1.6,8.13,1,1,0,0
T153M ,0.038,0.22,0.0918373,0.13261,-0.0128447,0.0193554,36.9977,0.397334,-1,-1,1.83,4.47,1,0,1,0
L114L ,0.094,0.19,0.233587,0.195472,0.0296553,0.191903,37.5784,0.967754,0,0,0,0,0,0,0,0
A194A ,-0.13,0.05,0.206781,0.199028,-0.0823447,-0.0526964,39.1588,1,0,0,0,0,0,0,0,0
V294V ,0.066,0.14,0.132318,0.129468,-0.0346894,0.00337481,16.1374,0,0,0,0,0,0,0,0,0
D317D ,-0.068,0.11,0.150286,0.139917,-0.0346894,-0.0553935,7.45176,0.357115,0,0,0,0,0,0,0,0
V541V ,0.066,0.14,0.162823,0.176152,-0.0346894,-0.0153361,5.12355,0,0,0,0,0,0,0,0,0
V135A ,-0.13,0.05,0.173809,0.165239,-0.12223,-0.135009,31.3905,1,0,0,-2,2.34,0,0,0,0
V324V ,0.147,0.14,0.236103,0.182657,-0.0346894,-0.102616,21.4889,0.752133,0,0,0,0,0,0,0,0
W323A ,0.075,0.05,0.268489,0.166909,-0.169172,-0.0832816,22.1888,0.572088,0,-1,-7.08,17.08,1,0,1,0
C136F ,-0.169,0.29,0.167373,0.172818,0.0026553,-0.0516014,31.8315,1,0,0,3.46,14.71,1,1,0,1
C122C ,0.369,0.13,0.162467,0.181865,0.167155,-0.00897929,35.4444,0.932019,0,0,0,0,0,0,0,0
G348G ,-0.019,0,0.11254,0.116182,-0.0346894,-0.0449907,5.69906,0.985005,0,0,0,0,0,0,0,0
M553M ,0.136,0.22,0.186657,0.178898,-0.0346894,0.0571281,7.96494,0,0,0,0,0,0,0,0,0
L251L ,-0.187,0.19,0.123397,0.155795,-0.0346894,0.0615253,16.0166,1,0,0,0,0,0,0,0,0
T391T ,-0.012,0.11,0.179571,0.164458,-0.0346894,-0.00966992,39.2427,0,0,0,0,0,0,0,0,0
V524V ,0.066,0.14,0.184753,0.185865,-0.0346894,-0.0269597,22.5238,0,0,0,0,0,0,0,0,0
L239L ,-0.187,0.19,0.183828,0.168776,-0.0346894,-0.00129028,27.126,1,0,0,0,0,0,0,0,0
Q565Q ,-0.201,0.18,0.15675,0.178159,-0.0346894,-0.110422,11.2378,0,0,0,0,0,0,0,0,0
F340F ,-0.169,0.29,0.140589,0.130524,-0.101845,-0.134561,10.0602,1,0,0,0,0,0,0,0,0
T104T ,-0.012,0.11,0.176333,0.170773,-0.0195631,0.00836784,48.9289,0,0,0,0,0,0,0,0,0
Y267F ,-0.169,0.29,0.194452,0.177362,-0.0363447,-0.107092,20.7999,1,-1,-1,-0.58,7.43,1,1,0,1
N386N ,-0.114,0.13,0.087125,0.156272,-0.0346894,-0.103086,45.2327,0,0,0,0,0,0,0,0,0
E170E ,0.553,0.15,0.211145,0.197205,-0.0346894,0.10222,39.5363,1,0,0,0,0,0,0,0,0
A525A ,0.081,0.05,0.183911,0.170681,-0.0346894,-0.0313738,23.784,0,0,0,0,0,0,0,0,0
V162V ,-0.166,0.14,0.169596,0.177312,-0.100345,-0.0434425,42.9955,1,0,0,0,0,0,0,0,0
W176R ,-0.128,0.29,0.190282,0.160157,-0.124345,-0.084684,46.7681,0.730426,0,2,-1.95,16.6,1,1,1,1
Q321Q ,-0.039,0.18,0.0897932,0.17269,-0.0346894,0.0277546,14.156,0.103507,0,0,0,0,0,0,0,0
A194P ,0.358,0,0.206781,0.199028,-0.0823447,-0.0526964,39.1588,1,0,0,1.72,7.35,1,1,1,1
L282L ,0.094,0.19,0.214523,0.161583,-0.0346894,-0.0229159,24.2529,0.798184,0,0,0,0,0,0,0,0
F127L ,-0.187,0.19,0.177318,0.187559,-0.101845,-0.137916,30.7693,1,0,0,-1.89,7.16,1,0,0,1
A150G ,-0.019,0,0.0877,0.121,0.0475777,0.0527311,35.2096,0.00996077,0,0,-1,2.73,1,0,0,0
R228R ,-0.128,0.29,0.134645,0.159625,-0.0346894,0.027267,32.9471,0.65117,0,0,0,0,0,0,0,0
L203P ,0.358,0,0.15799,0.168105,-0.110845,-0.0358333,39.6042,1,0,0,-1.28,7.79,1,1,1,1
R181L ,0.094,0.19,0.211366,0.188656,-0.0968965,-0.0222022,36.9793,0.05748,0,-3,-2.13,9.33,0,0,0,0
L550L ,0.151,0.19,0.143211,0.168323,-0.0346894,0.0203127,10.7741,0,0,0,0,0,0,0,0,0
R190P ,-0.103,0,0.0976429,0.19077,-0.0968965,-0.00476353,45.0611,0.840682,0,-3,-3.41,10.9,1,1,1,1
F166F ,-0.169,0.29,0.166925,0.183113,-0.101845,-0.0300865,41.2999,1,0,0,0,0,0,0,0,0
W305W ,-0.214,0.41,0.113486,0.146174,-0.0346894,-0.0557318,11.82,0.972735,0,0,0,0,0,0,0,0
R533R ,-0.147,0.29,0.196388,0.178264,-0.0908447,-0.0436235,20.0203,0,0,0,0,0,0,0,0,0
S225W ,-0.214,0.41,0.095459,0.15532,-0.0268965,-0.0175451,38.0541,0.998404,-1,0,6.48,10.55,0,1,0,nan
H363H ,-0.04,0.23,0.192833,0.19045,-0.0346894,-0.141615,17.9009,0,0,0,0,0,0,0,0,0
W323W ,-0.214,0.41,0.268489,0.166909,-0.169172,-0.0832816,22.1888,0.572088,0,0,0,0,0,0,0,0
D388N ,-0.114,0.13,0.0934,0.12505,-0.135845,-0.109138,48.3478,0,-1,1,0.17,2.26,0,0,0,0
L347L ,-0.187,0.19,0.100414,0.118661,-0.0346894,-0.00610521,8.77545,1,0,0,0,0,0,0,0,0
V106V ,0.147,0.14,0.177883,0.175992,0.0561553,-0.0289916,46.5489,0.125707,0,0,0,0,0,0,0,0
G548G ,0.123,0,0.185447,0.196423,-0.0346894,-0.0421352,7.07311,0,0,0,0,0,0,0,0,0
V288V ,0.066,0.14,0.0978333,0.120587,-0.0346894,0.0267184,15.9529,0,0,0,0,0,0,0,0,0
L374L ,0.151,0.19,0.12697,0.169238,-0.0346894,0.0227123,27.6252,0,0,0,0,0,0,0,0,0
C136C ,0.04,0.13,0.167373,0.172818,0.0026553,-0.0516014,31.8315,1,0,0,0,0,0,0,0,0
D242D ,0.574,0.11,0.14757,0.166626,-0.0346894,0.0333412,26.1161,1,0,0,0,0,0,0,0,0
R174H ,0.191,0.23,0.227321,0.192792,0.348262,0.189785,38.8316,1,2,-1,-1.47,8.89,1,1,1,1
D202G ,-0.085,0,0.166212,0.17257,0.269655,-0.0486178,36.2392,1,-2,0,-2.78,10.35,1,1,1,1
A150A ,0.075,0.05,0.0877,0.121,0.0475777,0.0527311,35.2096,0.00996077,0,0,0,0,0,0,0,0
A383A ,0.081,0.05,0.164624,0.166721,-0.0346894,-0.0764642,40.0988,0,0,0,0,0,0,0,0,0
K528K ,-0.22,0.22,0.156167,0.167524,-0.0346894,-0.0849482,18.9365,0,0,0,0,0,0,0,0,0
R293R ,-0.147,0.29,0.102333,0.119038,-0.0346894,0.0514369,14.2355,0,0,0,0,0,0,0,0,0
F130F ,-0.169,0.29,0.180323,0.189218,-0.0346894,-0.162807,28.1979,1,0,0,0,0,0,0,0,0
T169M ,-0.14,0.22,0.152451,0.2053,-0.00956313,-0.051186,44.476,1,-1,-1,1.83,2.03,0,0,0,0
F279F ,-0.169,0.29,0.183753,0.182567,-0.101845,0.0280629,22.3988,1,0,0,0,0,0,0,0,0
R259H ,-0.11,0.23,0.221456,0.167921,-0.0813447,-0.0826986,18.3279,0.873527,2,-1,-1.47,7.68,1,1,1,0
L266L ,-0.187,0.19,0.17135,0.176046,-0.0346894,-0.0806076,15.9016,1,0,0,0,0,0,0,0,0
K526K ,-0.22,0.22,0.196756,0.176038,-0.0346894,0.0090094,24.9228,0,0,0,0,0,0,0,0,0
Q547Q ,-0.201,0.18,0.1114,0.168593,-0.0346894,-0.0907379,10.9685,0,0,0,0,0,0,0,0,0
W188W ,-0.214,0.41,0.116882,0.168528,-0.0346894,0.0259698,47.4123,0.550409,0,0,0,0,0,0,0,0
P535P ,-0.137,0,0.212429,0.199474,-0.0346894,-0.149098,11.8819,0,0,0,0,0,0,0,0,0
A532A ,0.081,0.05,0.2237,0.182615,-0.0346894,-0.129769,17.4777,0,0,0,0,0,0,0,0,0
I368I ,0.157,0.19,0.101392,0.162824,-0.0346894,-0.0662206,25.2006,0,0,0,0,0,0,0,0,0
V280V ,0.147,0.14,0.152189,0.143625,0.0561553,0.00977227,18.2621,0.922145,0,0,0,0,0,0,0,0
K218E ,0.071,0.15,0.102429,0.113742,-0.0828447,-0.0163842,37.0574,0.191516,2,-1,-0.99,2.17,0,0,1,0
S199A ,-0.13,0.05,0.120377,0.19527,0.0076553,0.0567945,35.7553,1,-1,-1,-0.6,5.03,1,1,1,0
R190L ,0.094,0.19,0.0976429,0.19077,-0.0968965,-0.00476353,45.0611,0.840682,0,-3,-2.13,10.98,1,1,1,1
T104S ,-0.023,0.06,0.176333,0.170773,-0.0195631,0.00836784,48.9289,0,0,0,-1,2.7,1,0,0,0
I198V ,-0.166,0.14,0.140331,0.181758,-0.121345,0.113217,31.3731,1,0,0,-1,4.38,1,1,0,1
R109L ,0.094,0.19,0.143375,0.153147,-0.0813447,0.0329138,41.6159,0.11895,0,-3,-2.13,5.62,1,0,0,0
Q521Q ,-0.201,0.18,0.169756,0.181486,-0.0346894,0.0576335,27.0319,0,0,0,0,0,0,0,0,0
A378A ,0.081,0.05,0.195579,0.179113,-0.0346894,-0.0265573,33.3558,0,0,0,0,0,0,0,0,0
E160K ,0.724,0.22,0.169235,0.147537,0.357104,0.0295038,38.3222,1,-2,1,0.99,7.18,1,1,1,1
R231M ,0.038,0.22,0.198556,0.163657,-0.104672,-0.0626322,28.0174,0.99042,0,-3,-1.7,10.4,1,1,0,nan
V241V ,-0.166,0.14,0.178339,0.18224,-0.100345,0.105802,28.3433,1,0,0,0,0,0,0,0,0
Y111Y ,-0.012,0.3,0.163118,0.199296,-0.0233447,0.0343869,37.658,0.479052,0,0,0,0,0,0,0,0
Q376Q ,-0.201,0.18,0.115992,0.145223,-0.0346894,0.03305,30.9459,0,0,0,0,0,0,0,0,0
I161I ,-0.208,0.19,0.148249,0.154028,-0.0346894,0.0949476,43.3799,1,0,0,0,0,0,0,0,0
F332F ,-0.169,0.29,0.1095,0.15318,-0.0346894,-0.0387816,17.5899,1,0,0,0,0,0,0,0,0
M210I ,-0.208,0.19,0.1307,0.137734,-0.0873447,-0.105569,43.6397,1,0,0,-0.43,0.78,1,0,0,0
N551N ,-0.114,0.13,0.157779,0.191627,-0.0346894,0.0594432,9.64897,0,0,0,0,0,0,0,0,0
A300T ,0.009,0.11,0.124,0.193318,0.0384369,0.00426645,19.503,0.788163,1,1,1.6,7.26,1,1,0,1
V165V ,-0.166,0.14,0.158181,0.172671,-0.100345,-0.125352,44.3164,1,0,0,0,0,0,0,0,0
L271L ,-0.187,0.19,0.191889,0.192095,-0.0346894,-0.114965,20.6271,1,0,0,0,0,0,0,0,0
T309T ,0.003,0.11,0.156498,0.142356,-0.0346894,-0.114337,8.68242,1,0,0,0,0,0,0,0,0
N289N ,-0.114,0.13,0.120464,0.126912,-0.0346894,-0.0677139,11.3902,0,0,0,0,0,0,0,0,0
I201I ,-0.208,0.19,0.150032,0.167492,-0.0346894,-0.0026523,32.8346,1,0,0,0,0,0,0,0,0
M210M ,-0.14,0.22,0.1307,0.137734,-0.0873447,-0.105569,43.6397,1,0,0,0,0,0,0,0,0
L303L ,-0.187,0.19,0.0964033,0.161564,-0.0346894,0.00604365,17.4939,1,0,0,0,0,0,0,0,0
W176W ,-0.214,0.41,0.190282,0.160157,-0.124345,-0.084684,46.7681,0.730426,0,0,0,0,0,0,0,0
V135V ,-0.166,0.14,0.173809,0.165239,-0.12223,-0.135009,31.3905,1,0,0,0,0,0,0,0,0
Y184Y ,-0.012,0.3,0.19803,0.183277,-0.0346894,-0.0733561,39.2592,0.318736,0,0,0,0,0,0,0,0
V310V ,-0.166,0.14,0.147018,0.155022,-0.0346894,-0.10708,9.49254,1,0,0,0,0,0,0,0,0
A287A ,0.081,0.05,0.121895,0.129984,0.0424369,0.00151725,18.2582,0,0,0,0,0,0,0,0,0
V207M ,-0.14,0.22,0.149386,0.13874,-0.100345,-0.130012,41.287,1,0,0,1.43,4.48,0,0,0,0
L163L ,-0.187,0.19,0.183373,0.161257,-0.0346894,0.0599572,38.6074,1,0,0,0,0,0,0,0,0
F335F ,-0.169,0.29,0.112612,0.141326,-0.0346894,-0.0928822,14.689,1,0,0,0,0,0,0,0,0
V133V ,-0.166,0.14,0.177691,0.181734,-0.100345,-0.0964762,30.5807,1,0,0,0,0,0,0,0,0
A223A ,-0.13,0.05,0.130426,0.167942,-0.0346894,-0.0857279,34.0919,1,0,0,0,0,0,0,0,0
R231R ,-0.128,0.29,0.198556,0.163657,-0.104672,-0.0626322,28.0174,0.99042,0,0,0,0,0,0,0,0
E558E ,-0.318,0.15,0.2314,0.197278,-0.0346894,-0.0795379,10.7012,0,0,0,0,0,0,0,0,0
Y315Y ,-0.012,0.3,0.0780526,0.123501,-0.0346894,-0.0370426,5.71209,0.892089,0,0,0,0,0,0,0,0
A287V ,0.066,0.14,0.121895,0.129984,0.0424369,0.00151725,18.2582,0,0,0,2,4.91,0,0,0,0
G179G ,-0.019,0,0.100778,0.174054,-0.0242298,0.0463678,43.8028,0.142058,0,0,0,0,0,0,0,0
R533W ,0.299,0.41,0.196388,0.178264,-0.0908447,-0.0436235,20.0203,0,0,-2,1.95,9.46,1,1,1,1
S389S ,-0.023,0.06,0.131229,0.164672,-0.0346894,-0.0522859,44.3726,0,0,0,0,0,0,0,0,0
C381Y ,0.053,0.3,0.153437,0.197093,-0.17823,-0.0532637,35.7358,0,1,1,4.04,11.47,0,0,0,0
A372A ,0.081,0.05,0.110875,0.168311,-0.0346894,0.00928882,27.9986,0,0,0,0,0,0,0,0,0
I227L ,0.094,0.19,0.135391,0.138706,0.0451553,-0.00459477,35.1777,0.496489,0,0,0,1.97,1,0,0,1
V215M ,0.038,0.22,0.1195,0.132124,0.0864369,0.126052,43.3872,0.713019,0,0,1.43,4.18,1,1,0,1
I567I ,0.157,0.19,0.112333,0.182268,-0.0346894,-0.0982298,8.13267,0,0,0,0,0,0,0,0,0
S373S ,-0.023,0.06,0.115222,0.173732,-0.0346894,0.0427012,26.5453,0,0,0,0,0,0,0,0,0
S182S ,-0.023,0.06,0.229899,0.157516,-0.0346894,-0.074871,40.7696,0,0,0,0,0,0,0,0,0
L191P ,-0.103,0,0.141371,0.184184,0.0296553,-0.0676939,43.4804,0.978419,0,0,-1.28,8.57,1,1,1,1
E290K ,-0.22,0.22,0.12675,0.115938,-0.176345,-0.122422,10.2181,0,-2,1,0.99,3.32,0,0,0,0
F351F ,-0.034,0.29,0.118874,0.120381,-0.0346894,-0.00420293,9.93145,0.850801,0,0,0,0,0,0,0,0
A149V ,0.147,0.14,0.0872148,0.126387,0.0201553,0.0392056,32.0457,0.0692243,0,0,2,1.25,0,0,0,0
Y171H ,0.191,0.23,0.20041,0.191234,-0.0363447,0.220712,40.9675,1,1,1,-1.81,8.09,1,1,1,1
L250L ,0.094,0.19,0.141212,0.14917,-0.0346894,-0.0481043,16.7752,0.754396,0,0,0,0,0,0,0,0
R519H ,-0.04,0.23,0.2214,0.176616,-0.0908447,0.0628621,31.9466,0,2,-1,-1.47,7.37,1,1,1,1
G154G ,-0.019,0,0.164625,0.136822,-0.0346894,0.0116638,40.0442,0.570457,0,0,0,0,0,0,0,0
I517I ,0.157,0.19,0.185286,0.193,-0.0346894,-0.00509848,29.8575,0,0,0,0,0,0,0,0,0
K218K ,-0.131,0.22,0.102429,0.113742,-0.0828447,-0.0163842,37.0574,0.191516,0,0,0,0,0,0,0,0
Y111C ,0.369,0.13,0.163118,0.199296,-0.0233447,0.0343869,37.658,0.479052,-1,-1,-4.04,12.38,1,1,1,1
T118T ,0.009,0.11,0.0461667,0.173392,-0.0128447,-0.0449482,31.4142,0.272331,0,0,0,0,0,0,0,0
A371A ,0.081,0.05,0.132846,0.164448,-0.0346894,0.0750942,26.0807,0,0,0,0,0,0,0,0,0
R116R ,-0.128,0.29,0.149625,0.183002,-0.0346894,-0.0332112,33.0572,0.27366,0,0,0,0,0,0,0,0
V172M ,-0.14,0.22,0.158134,0.19913,-0.100345,-0.0420796,45.1129,1,0,0,1.43,2.26,0,0,0,0
F296F ,-0.034,0.29,0.130248,0.13844,-0.0346894,0.0285055,16.2055,0.363282,0,0,0,0,0,0,0,0
Y545Y ,0.053,0.3,0.127159,0.142447,-0.0346894,-0.0157348,4.36761,0,0,0,0,0,0,0,0,0
R174R ,0.444,0.29,0.227321,0.192792,0.348262,0.189785,38.8316,1,0,0,0,0,0,0,0,0
F123F ,-0.034,0.29,0.190302,0.163464,-0.0346894,0.0546915,30.9316,0.999946,0,0,0,0,0,0,0,0
K362A ,0.081,0.05,0.163857,0.194175,-0.127345,-0.0712413,14.4232,0,0,-1,-3.77,9.03,1,1,1,1
P369P ,-0.137,0,0.1014,0.153167,-0.0346894,0.0730621,23.5879,0,0,0,0,0,0,0,0,0
Y281Y ,-0.012,0.3,0.20548,0.150956,-0.0346894,0.0170534,22.0579,0.595946,0,0,0,0,0,0,0,0
Y536Y ,0.053,0.3,0.172833,0.17405,-0.0346894,-0.115448,9.98496,0,0,0,0,0,0,0,0,0
A300E ,0.071,0.15,0.124,0.193318,0.0384369,0.00426645,19.503,0.788163,2,0,2.78,8.15,1,1,1,1
S277S ,0.05,0.06,0.156464,0.175474,-0.0346894,-0.024525,18.5791,1,0,0,0,0,0,0,0,0
G168G ,-0.085,0,0.177528,0.179699,-0.0346894,-0.0339181,42.9119,1,0,0,0,0,0,0,0,0
P197S ,0.05,0.06,0.1297,0.176692,0.227104,-0.0104689,31.8885,1,1,1,-1.12,10.54,1,0,0,1
V162M ,-0.14,0.22,0.169596,0.177312,-0.100345,-0.0434425,42.9955,1,0,0,1.43,5.82,0,0,0,0
Q357Q ,-0.201,0.18,0.172842,0.178548,-0.0346894,-0.132804,9.30091,0,0,0,0,0,0,0,0,0
W392W ,0.299,0.41,0.0909573,0.155318,-0.0346894,-0.00554426,40.5763,0,0,0,0,0,0,0,0,0
E385E ,-0.318,0.15,0.1394,0.165696,-0.0346894,0.0132621,42.5963,0,0,0,0,0,0,0,0,0
V221V ,0.147,0.14,0.207045,0.171356,-0.0346894,-0.102577,29.5164,0.907305,0,0,0,0,0,0,0,0
G219G ,-0.019,0,0.142986,0.13991,-0.0346894,-0.00317309,33.8817,0.605634,0,0,0,0,0,0,0,0
S390S ,-0.023,0.06,0.13925,0.167711,-0.0346894,-0.0724223,42.3323,0,0,0,0,0,0,0,0,0
S276S ,0.05,0.06,0.185788,0.163464,-0.0346894,-0.0644282,17.7634,1,0,0,0,0,0,0,0,0
Q367Q ,-0.201,0.18,0.206716,0.162934,-0.0346894,0.0955851,22.102,0,0,0,0,0,0,0,0,0
G246G ,-0.019,0,0.1245,0.161674,-0.0346894,-0.0394482,22.9914,0.903838,0,0,0,0,0,0,0,0
E290E ,-0.318,0.15,0.12675,0.115938,-0.176345,-0.122422,10.2181,0,0,0,0,0,0,0,0,0
F157F ,-0.034,0.29,0.157764,0.142015,-0.0343447,-0.015179,42.062,0.903674,0,0,0,0,0,0,0,0
F222F ,-0.169,0.29,0.122296,0.173206,-0.0346894,-0.0446374,30.408,1,0,0,0,0,0,0,0,0
V280E ,0.071,0.15,0.152189,0.143625,0.0561553,0.00977227,18.2621,0.922145,2,0,0.78,10.19,1,1,1,1
V516V ,0.066,0.14,0.209514,0.202806,-0.0346894,-0.0193671,32.6463,0,0,0,0,0,0,0,0,0
I204I ,-0.208,0.19,0.165257,0.145807,-0.121345,-0.140003,36.5818,1,0,0,0,0,0,0,0,0
Q244Q ,-0.039,0.18,0.12938,0.186033,-0.0346894,0.120906,28.0372,0.804194,0,0,0,0,0,0,0,0
I328I ,-0.208,0.19,0.11665,0.186168,-0.0346894,-0.0261236,19.0879,1,0,0,0,0,0,0,0,0
R231C ,0.369,0.13,0.198556,0.163657,-0.104672,-0.0626322,28.0174,0.99042,0,-3,-3.7,12.58,0,1,0,0
L131P ,0.358,0,0.17666,0.181121,-0.110845,-0.162575,31.4283,1,0,0,-1.28,8.43,1,1,1,1
R195P ,-0.103,0,0.221621,0.185364,-0.104672,-0.114917,37.6358,0.975599,0,-3,-3.41,10.81,1,1,1,1
V255V ,0.147,0.14,0.161781,0.172323,-0.0346894,-0.0232662,15.4264,0.96847,0,0,0,0,0,0,0,0
R192H ,-0.11,0.23,0.199,0.183083,-0.0968965,-0.0525915,40.816,0.589759,2,-1,-1.47,7.66,0,0,0,0
I198I ,-0.208,0.19,0.140331,0.181758,-0.121345,0.113217,31.3731,1,0,0,0,0,0,0,0,0
K534K ,-0.22,0.22,0.151863,0.198208,-0.0346894,-0.111255,14.4084,0,0,0,0,0,0,0,0,0
Y522Y ,0.053,0.3,0.153857,0.181488,-0.0346894,0.0486158,29.0973,0,0,0,0,0,0,0,0,0
G306G ,-0.085,0,0.162452,0.164934,-0.0346894,-0.103608,12.8944,1,0,0,0,0,0,0,0,0
V173V ,-0.166,0.14,0.224394,0.196917,-0.0346894,0.145527,43.594,1,0,0,0,0,0,0,0,0
L187L ,0.094,0.19,0.152905,0.146047,0.0296553,-0.0586684,49.2014,0.730329,0,0,0,0,0,0,0,0
Q531E ,-0.318,0.15,0.176714,0.180946,-0.117845,-0.145098,15.5271,0,1,-1,-0.17,2.25,1,0,0,0
I257I ,0.125,0.19,0.172045,0.173158,-0.0346894,0.0116744,14.0898,0.375814,0,0,0,0,0,0,0,0
E160E ,0.553,0.15,0.169235,0.147537,0.357104,0.0295038,38.3222,1,0,0,0,0,0,0,0,0
L134L ,-0.187,0.19,0.172768,0.176404,-0.110845,-0.155109,27.6977,1,0,0,0,0,0,0,0,0
Q356Q ,-0.201,0.18,0.190059,0.149235,-0.0346894,-0.0352374,6.77925,0,0,0,0,0,0,0,0,0
G186D ,-0.068,0.11,0.119769,0.171971,-0.0229224,-0.0152069,47.5597,0.308226,2,0,2.78,9.15,1,1,1,1
G119R ,-0.128,0.29,0.118406,0.189594,-0.0268447,0.0226748,33.8831,0.547857,0,3,6.13,9.37,1,1,1,1
K527K ,-0.22,0.22,0.187595,0.195853,-0.0346894,-0.16247,20.1201,0,0,0,0,0,0,0,0,0
E115G ,-0.019,0,0.236391,0.179222,0.0181553,0.0964208,33.9258,0.769611,-2,0,-3.78,9.76,1,1,1,1
T377T ,-0.012,0.11,0.17703,0.179501,-0.0346894,-0.0250035,30.2606,0,0,0,0,0,0,0,0,0
S291S ,-0.023,0.06,0.1194,0.139403,-0.0346894,-0.132338,8.92131,0,0,0,0,0,0,0,0,0
V241I ,-0.208,0.19,0.178339,0.18224,-0.100345,0.105802,28.3433,1,0,0,1,3.89,0,0,0,1
A352A ,0.075,0.05,0.125046,0.14313,-0.0346894,0.000729265,6.5358,0.463254,0,0,0,0,0,0,0,0
Q234Q ,0.381,0.18,0.184111,0.167624,0.173155,0.00892339,31.0146,1,0,0,0,0,0,0,0,0
V129I ,-0.208,0.19,0.186865,0.195636,-0.12223,-0.0807238,33.7612,1,0,0,1,3.83,0,0,0,0
H240H ,0.191,0.23,0.202833,0.180633,-0.0346894,0.0557184,31.8643,1,0,0,0,0,0,0,0,0
I235I ,-0.208,0.19,0.208957,0.182312,-0.0346894,-0.0282617,26.5089,1,0,0,0,0,0,0,0,0
H258H ,-0.11,0.23,0.143421,0.140167,-0.0346894,0.0670142,11.43,0.736324,0,0,0,0,0,0,0,0
V124V ,-0.166,0.14,0.239274,0.172393,-0.100345,-0.011697,35.094,1,0,0,0,0,0,0,0,0
C381W ,0.299,0.41,0.153437,0.197093,-0.17823,-0.0532637,35.7358,0,0,1,5.65,12.38,0,0,1,0
E146G ,0.123,0,0.1674,0.121731,-0.223563,-0.116938,26.0733,0,-2,0,-3.78,7.33,0,0,0,0
D301D ,-0.068,0.11,0.0907696,0.178583,-0.0346894,0.0242087,16.7453,0.507369,0,0,0,0,0,0,0,0
E543E ,-0.318,0.15,0.147833,0.181439,-0.0346894,-0.0899482,11.0549,0,0,0,0,0,0,0,0,0
Y125D ,0.574,0.11,0.15508,0.194346,-0.0363447,0.00857429,36.9311,1,1,-1,-3.69,13.15,1,1,1,1
G186G ,-0.019,0,0.119769,0.171971,-0.0229224,-0.0152069,47.5597,0.308226,0,0,0,0,0,0,0,0
A226A ,0.075,0.05,0.119,0.140399,-0.0346894,-0.0052838,37.6035,0.721699,0,0,0,0,0,0,0,0
G292G ,0.123,0,0.16175,0.131816,-0.0346894,-0.0796724,11.6266,0,0,0,0,0,0,0,0,0
R561R ,-0.147,0.29,0.188672,0.19027,-0.0346894,-0.191499,11.8466,0,0,0,0,0,0,0,0,0
G179S ,-0.023,0.06,0.100778,0.174054,-0.0242298,0.0463678,43.8028,0.142058,1,1,1.6,8.23,1,1,1,1
W248W ,0.025,0.41,0.146138,0.139651,-0.0346894,-0.0761667,21.5862,1,0,0,0,0,0,0,0,0
Q544Q ,-0.201,0.18,0.148532,0.17137,-0.0346894,-0.0646013,8.26844,0,0,0,0,0,0,0,0,0
T513T ,-0.012,0.11,0.172152,0.220038,-0.0346894,0.0837767,34.3413,0,0,0,0,0,0,0,0,0
I138I ,-0.208,0.19,0.150476,0.167732,-0.0346894,-0.041854,27.7162,1,0,0,0,0,0,0,0,0
V308V ,-0.166,0.14,0.174917,0.1351,-0.0346894,-0.104719,8.4631,1,0,0,0,0,0,0,0,0
L563L ,0.151,0.19,0.153501,0.172614,-0.0346894,-0.0754783,5.21627,0,0,0,0,0,0,0,0,0
L262L ,-0.187,0.19,0.1228,0.159663,-0.0346894,0.0363,13.5866,1,0,0,0,0,0,0,0,0
R192C ,0.369,0.13,0.199,0.183083,-0.0968965,-0.0525915,40.816,0.589759,0,-3,-3.7,11.67,0,0,0,0
A336A ,-0.13,0.05,0.178102,0.144458,-0.0346894,-0.112936,11.6519,1,0,0,0,0,0,0,0,0
P197P ,0.358,0,0.1297,0.176692,0.227104,-0.0104689,31.8885,1,0,0,0,0,0,0,0,0
Y267Y ,-0.038,0.3,0.194452,0.177362,-0.0363447,-0.107092,20.7999,1,0,0,0,0,0,0,0,0
V211V ,-0.166,0.14,0.135663,0.127033,-0.0346894,-0.0344058,42.6889,1,0,0,0,0,0,0,0,0
L552L ,0.151,0.19,0.194342,0.182352,-0.0346894,0.00214629,4.9591,0,0,0,0,0,0,0,0,0
Q220Q ,-0.039,0.18,0.106234,0.143597,-0.0346894,-0.000571986,34.1196,0.88429,0,0,0,0,0,0,0,0
S349S ,-0.023,0.06,0.0841575,0.11162,-0.0346894,0.0297876,3.89263,0.770774,0,0,0,0,0,0,0,0
R192R ,-0.128,0.29,0.199,0.183083,-0.0968965,-0.0525915,40.816,0.589759,0,0,0,0,0,0,0,0
A150V ,0.147,0.14,0.0877,0.121,0.0475777,0.0527311,35.2096,0.00996077,0,0,2,3.48,0,0,0,0
V133I ,-0.208,0.19,0.177691,0.181734,-0.100345,-0.0964762,30.5807,1,0,0,1,4.42,0,0,0,0
A302A ,0.075,0.05,0.152995,0.159919,-0.0346894,-0.00538313,16.7294,0.887282,0,0,0,0,0,0,0,0
I268I ,-0.208,0.19,0.207944,0.173546,-0.0346894,-0.0633914,17.5347,1,0,0,0,0,0,0,0,0
S140S ,-0.023,0.06,0.19184,0.15668,-0.0288447,-0.0527841,29.1295,0.975391,0,0,0,0,0,0,0,0
R231F ,-0.034,0.29,0.198556,0.163657,-0.104672,-0.0626322,28.0174,0.99042,0,-3,-0.24,11.93,1,1,1,1
I204F ,-0.169,0.29,0.165257,0.145807,-0.121345,-0.140003,36.5818,1,0,0,1.89,7.48,1,1,0,1
G325G ,-0.019,0,0.122394,0.185909,-0.0346894,-0.00312755,18.0783,0.840134,0,0,0,0,0,0,0,0
G350G ,-0.019,0,0.144787,0.130301,-0.0346894,-0.0245767,7.31746,0.625152,0,0,0,0,0,0,0,0
P320P ,-0.103,0,0.136183,0.159522,-0.0346894,-0.0111855,13.0607,0.60009,0,0,0,0,0,0,0,0
V124I ,-0.208,0.19,0.239274,0.172393,-0.100345,-0.011697,35.094,1,0,0,1,0.13,0,0,0,0
G345G ,-0.085,0,0.0903473,0.114286,-0.0346894,-0.0250038,3.78589,1,0,0,0,0,0,0,0,0
A384A ,0.081,0.05,0.168556,0.172147,-0.0346894,-0.11741,39.8066,0,0,0,0,0,0,0,0,0
A287E ,-0.318,0.15,0.121895,0.129984,0.0424369,0.00151725,18.2582,0,2,0,2.78,6,0,0,1,0
M238M ,-0.14,0.22,0.170376,0.184088,-0.0346894,-0.141413,26.0305,1,0,0,0,0,0,0,0,0
V106I ,0.125,0.19,0.177883,0.175992,0.0561553,-0.0289916,46.5489,0.125707,0,0,1,-0.99,0,0,0,0
R518R ,-0.147,0.29,0.180862,0.192267,-0.0346894,-0.106135,33.284,0,0,0,0,0,0,0,0,0
G179A ,0.075,0.05,0.100778,0.174054,-0.0242298,0.0463678,43.8028,0.142058,0,0,1,7.76,1,1,1,1
L137L ,-0.187,0.19,0.147038,0.181445,-0.0346894,0.028283,27.0682,1,0,0,0,0,0,0,0,0
S546S ,-0.023,0.06,0.172435,0.179157,-0.0346894,-0.0630545,8.98297,0,0,0,0,0,0,0,0,0
W323F ,-0.034,0.29,0.268489,0.166909,-0.169172,-0.0832816,22.1888,0.572088,0,-1,-2.19,13.36,0,0,0,0
G314G ,-0.019,0,0.174669,0.156832,-0.0346894,-0.0821437,2.90967,0.994437,0,0,0,0,0,0,0,0
R519R ,-0.147,0.29,0.2214,0.176616,-0.0908447,0.0628621,31.9466,0,0,0,0,0,0,0,0,0
R190R ,-0.128,0.29,0.0976429,0.19077,-0.0968965,-0.00476353,45.0611,0.840682,0,0,0,0,0,0,0,0
G216G ,-0.019,0,0.114562,0.138316,-0.0346894,0.09663,41.409,0.573074,0,0,0,0,0,0,0,0
F167F ,-0.169,0.29,0.175286,0.176191,-0.0346894,-0.0368128,37.9821,1,0,0,0,0,0,0,0,0
R174C ,0.04,0.13,0.227321,0.192792,0.348262,0.189785,38.8316,1,0,-3,-3.7,11.94,1,1,1,1
R237R ,0.444,0.29,0.170217,0.161143,-0.0346894,-0.0403189,32.2466,1,0,0,0,0,0,0,0,0
V319V ,0.147,0.14,0.147345,0.134671,-0.0346894,-0.0571855,9.74565,0.452491,0,0,0,0,0,0,0,0
G229G ,-0.019,0,0.139323,0.155477,-0.0268447,-0.0574285,33.5395,0.998295,0,0,0,0,0,0,0,0
S298S ,-0.023,0.06,0.120181,0.178775,-0.0346894,0.0222976,20.4376,0.331857,0,0,0,0,0,0,0,0
V129V ,-0.166,0.14,0.186865,0.195636,-0.12223,-0.0807238,33.7612,1,0,0,0,0,0,0,0,0
R109R ,-0.128,0.29,0.143375,0.153147,-0.0813447,0.0329138,41.6159,0.11895,0,0,0,0,0,0,0,0
V205V ,-0.166,0.14,0.141965,0.157256,-0.100345,-0.0223534,35.8186,1,0,0,0,0,0,0,0,0
T169T ,0.003,0.11,0.152451,0.2053,-0.00956313,-0.051186,44.476,1,0,0,0,0,0,0,0,0
R249R ,-0.128,0.29,0.0716748,0.143371,-0.0346894,0.00048019,21.9372,0.672215,0,0,0,0,0,0,0,0
A341A ,-0.13,0.05,0.120111,0.118089,-0.0346894,-0.0686831,5.54303,1,0,0,0,0,0,0,0,0
A149A ,0.075,0.05,0.0872148,0.126387,0.0201553,0.0392056,32.0457,0.0692243,0,0,0,0,0,0,0,0
F127F ,-0.169,0.29,0.177318,0.187559,-0.101845,-0.137916,30.7693,1,0,0,0,0,0,0,0,0
G316G ,-0.019,0,0.175623,0.160996,-0.0346894,-0.0169201,4.28831,0.514214,0,0,0,0,0,0,0,0
D388D ,-0.237,0.11,0.0934,0.12505,-0.135845,-0.109138,48.3478,0,0,0,0,0,0,0,0,0
I132I ,-0.208,0.19,0.139344,0.190817,-0.121345,-0.148571,34.0909,1,0,0,0,0,0,0,0,0
G189A ,0.075,0.05,0.168946,0.176674,-0.0242298,-0.0371266,43.2499,0.471256,0,0,1,7.67,1,1,1,1
A283A ,0.075,0.05,0.139653,0.179064,-0.0346894,0.0436928,21.4507,0.547927,0,0,0,0,0,0,0,0
V172V ,-0.166,0.14,0.158134,0.19913,-0.100345,-0.0420796,45.1129,1,0,0,0,0,0,0,0,0
V215V ,0.147,0.14,0.1195,0.132124,0.0864369,0.126052,43.3872,0.713019,0,0,0,0,0,0,0,0
R243C ,0.04,0.13,0.183692,0.1823,0.204655,0.0932136,30.8995,1,0,-3,-3.7,12.58,1,1,1,1
F270F ,-0.169,0.29,0.15177,0.168779,-0.0346894,-0.14484,18.6604,1,0,0,0,0,0,0,0,0
V307V ,-0.166,0.14,0.159531,0.143472,-0.0346894,-0.110559,12.2308,1,0,0,0,0,0,0,0,0
F166M ,-0.14,0.22,0.166925,0.183113,-0.101845,-0.0300865,41.2999,1,0,0,-1.46,7.31,1,1,1,0
F529F ,0.294,0.29,0.15895,0.168846,-0.0346894,-0.0655768,22.5944,0,0,0,0,0,0,0,0,0
I337I ,-0.208,0.19,0.148164,0.127705,-0.0346894,-0.0919241,7.75085,1,0,0,0,0,0,0,0,0
R181R ,-0.128,0.29,0.211366,0.188656,-0.0968965,-0.0222022,36.9793,0.05748,0,0,0,0,0,0,0,0
Q530Q ,-0.201,0.18,0.229178,0.184067,-0.0346894,-0.112144,19.9789,0,0,0,0,0,0,0,0,0
F339F ,-0.169,0.29,0.137629,0.142385,-0.0346894,-0.0970289,11.9445,1,0,0,0,0,0,0,0,0
T224T ,0.003,0.11,0.0938,0.153746,-0.0346894,-0.0503126,36.8987,1,0,0,0,0,0,0,0,0
V185V ,0.147,0.14,0.0203157,0.175119,-0.0346894,-0.0205978,45.0793,0.0659828,0,0,0,0,0,0,0,0
V110V ,0.147,0.14,0.190406,0.186313,0.0561553,-0.0177924,41.9803,0.633163,0,0,0,0,0,0,0,0
M159M ,-0.14,0.22,0.184001,0.154704,-0.0346894,0.203548,39.2544,1,0,0,0,0,0,0,0,0
W158W ,0.025,0.41,0.179672,0.155893,-0.0346894,-0.107675,43.4177,1,0,0,0,0,0,0,0,0
H126H ,0.191,0.23,0.1967,0.191064,0.0781553,0.0286311,32.7384,1,0,0,0,0,0,0,0,0
I313I ,-0.208,0.19,0.116333,0.136633,-0.0346894,-0.026521,4.52133,1,0,0,0,0,0,0,0,0
K515K ,-0.22,0.22,0.167017,0.177508,-0.0346894,0.0242188,37.0785,0,0,0,0,0,0,0,0,0
S225L ,0.094,0.19,0.095459,0.15532,-0.0268965,-0.0175451,38.0541,0.998404,-1,-1,2.4,10.22,1,1,1,1
G119G ,-0.019,0,0.118406,0.189594,-0.0268447,0.0226748,33.8831,0.547857,0,0,0,0,0,0,0,0
V215G ,-0.019,0,0.1195,0.132124,0.0864369,0.126052,43.3872,0.713019,0,0,-3,6.43,1,1,0,1
K326K ,-0.131,0.22,0.132623,0.164233,-0.0346894,-0.0743064,16.0878,0.85327,0,0,0,0,0,0,0,0
Y278Y ,-0.038,0.3,0.242146,0.169259,-0.0346894,-0.0798834,24.1924,1,0,0,0,0,0,0,0,0
H549H ,-0.04,0.23,0.140875,0.182471,-0.0346894,0.0849138,6.33036,0,0,0,0,0,0,0,0,0
R555R ,-0.147,0.29,0.175779,0.187996,-0.0346894,0.0779448,8.38708,0,0,0,0,0,0,0,0,0
T153T ,0.009,0.11,0.0918373,0.13261,-0.0128447,0.0193554,36.9977,0.397334,0,0,0,0,0,0,0,0
L191L ,0.094,0.19,0.141371,0.184184,0.0296553,-0.0676939,43.4804,0.978419,0,0,0,0,0,0,0,0
P343P ,0.358,0,0.113692,0.128556,-0.0346894,-0.08939,8.59867,1,0,0,0,0,0,0,0,0
G108G ,-0.019,0,0.194385,0.192051,-0.0346894,0.0324085,41.3536,0.0797903,0,0,0,0,0,0,0,0
I145I ,0.125,0.19,0.147909,0.148778,-0.0346894,-0.0885172,25.0511,0.188351,0,0,0,0,0,0,0,0
Q560Q ,-0.201,0.18,0.192915,0.201197,-0.0346894,-0.0195526,7.40668,0,0,0,0,0,0,0,0,0
E160V ,-0.166,0.14,0.169235,0.147537,0.357104,0.0295038,38.3222,1,-2,0,-0.78,10.39,1,1,1,1
F279I ,-0.208,0.19,0.183753,0.182567,-0.101845,0.0280629,22.3988,1,0,0,-1.89,7.32,1,0,0,1
A128T ,0.003,0.11,0.196713,0.193655,-0.0823447,-0.145047,34.3312,1,1,1,1.6,-1.71,0,0,0,0
G186C ,0.369,0.13,0.119769,0.171971,-0.0229224,-0.0152069,47.5597,0.308226,0,0,2.43,10.33,1,1,1,1
V164V ,-0.166,0.14,0.149936,0.168605,-0.0346894,0.0231808,40.833,1,0,0,0,0,0,0,0,0
S566S ,-0.023,0.06,0.181114,0.189769,-0.0346894,0.00782645,7.35282,0,0,0,0,0,0,0,0,0
V141V ,0.147,0.14,0.123519,0.153969,-0.0346894,-0.014516,25.4516,0.91599,0,0,0,0,0,0,0,0
L142L ,0.094,0.19,0.154791,0.159801,-0.0346894,-0.00698759,27.9631,0.700672,0,0,0,0,0,0,0,0
S199S ,0.05,0.06,0.120377,0.19527,0.0076553,0.0567945,35.7553,1,0,0,0,0,0,0,0,0
G245R ,-0.128,0.29,0.126393,0.160083,-0.0268447,0.0477843,25.2017,0.959134,0,3,6.13,10.58,1,1,1,1
H105H ,-0.04,0.23,0.163,0.163722,-0.0386724,0.011479,45.15,0,0,0,0,0,0,0,0,0
F364F ,0.294,0.29,0.151815,0.173941,-0.0346894,-0.11546,23.2416,0,0,0,0,0,0,0,0,0
R259R ,-0.128,0.29,0.221456,0.167921,-0.0813447,-0.0826986,18.3279,0.873527,0,0,0,0,0,0,0,0
V206V ,-0.166,0.14,0.138836,0.156776,-0.0346894,-0.0280123,40.0609,1,0,0,0,0,0,0,0,0
Q260Q ,-0.039,0.18,0.220792,0.184239,-0.0346894,-0.0703768,17.7551,0.746766,0,0,0,0,0,0,0,0
K183R ,-0.128,0.29,0.231,0.172352,-0.0828447,-0.0835271,37.5395,0.053246,0,2,1.36,0.75,0,0,0,0
D286D ,-0.237,0.11,0.1074,0.142958,-0.0346894,0.0154621,22.1524,0,0,0,0,0,0,0,0,0
F256F ,-0.034,0.29,0.191328,0.173956,-0.0346894,-0.00672167,18.9273,0.591533,0,0,0,0,0,0,0,0
Q107Q ,-0.039,0.18,0.136924,0.198206,-0.0368447,0.0252544,44.7456,0.202124,0,0,0,0,0,0,0,0
S143S ,-0.023,0.06,0.101183,0.142816,-0.0346894,0.0403437,29.4098,0.515091,0,0,0,0,0,0,0,0
W304W ,-0.214,0.41,0.16675,0.156286,-0.0346894,-0.124422,12.8102,0.952067,0,0,0,0,0,0,0,0
E261E ,0.071,0.15,0.203799,0.146074,-0.0346894,-0.0742231,12.8585,0.885653,0,0,0,0,0,0,0,0
V355V ,0.147,0.14,0.178313,0.171538,-0.0346894,-0.0946108,10.4669,0.164905,0,0,0,0,0,0,0,0
Y148Y ,-0.012,0.3,0.154498,0.144876,-0.0346894,0.0443268,29.3227,0.151786,0,0,0,0,0,0,0,0
T118S ,-0.023,0.06,0.0461667,0.173392,-0.0128447,-0.0449482,31.4142,0.272331,0,0,-1,2.07,0,0,0,0
K354K ,-0.131,0.22,0.145771,0.148041,-0.0346894,0.00353736,10.7878,0.173855,0,0,0,0,0,0,0,0
R195W ,-0.214,0.41,0.221621,0.185364,-0.104672,-0.114917,37.6358,0.975599,0,-2,1.95,11.5,0,0,1,0
E146K ,-0.22,0.22,0.1674,0.121731,-0.223563,-0.116938,26.0733,0,-2,1,0.99,3.38,0,0,0,0
A208A ,-0.13,0.05,0.13366,0.148534,-0.0346894,-0.102633,38.9858,1,0,0,0,0,0,0,0,0
V110I ,0.125,0.19,0.190406,0.186313,0.0561553,-0.0177924,41.9803,0.633163,0,0,1,1.77,1,0,0,0
R174L ,-0.187,0.19,0.227321,0.192792,0.348262,0.189785,38.8316,1,0,-3,-2.13,10.77,1,1,1,1
F193F ,-0.034,0.29,0.179389,0.175112,-0.0343447,-0.0796923,38.1363,0.910749,0,0,0,0,0,0,0,0
T155T ,0.009,0.11,0.121,0.139517,-0.0346894,-0.000955629,38.5347,0.845238,0,0,0,0,0,0,0,0
Q147Q ,-0.039,0.18,0.1845,0.115193,-0.0346894,-0.145948,26.9578,0.000298977,0,0,0,0,0,0,0,0
D537D ,-0.237,0.11,0.17675,0.179963,-0.0346894,-0.0881723,6.83939,0,0,0,0,0,0,0,0,0
T264T ,0.003,0.11,0.186392,0.180175,-0.0346894,-0.0580818,16.9003,1,0,0,0,0,0,0,0,0
G269G ,-0.085,0,0.196564,0.173512,-0.0346894,-0.149985,15.3118,1,0,0,0,0,0,0,0,0
V538V ,0.066,0.14,0.195368,0.17911,-0.0346894,-0.0529339,4.93539,0,0,0,0,0,0,0,0,0
T247T ,0.003,0.11,0.114769,0.172104,-0.0346894,0.0703616,20.7369,1,0,0,0,0,0,0,0,0
I556I ,0.157,0.19,0.208108,0.200603,-0.0346894,0.00851037,5.28504,0,0,0,0,0,0,0,0,0
H105Y ,0.053,0.3,0.163,0.163722,-0.0386724,0.011479,45.15,0,-1,-1,1.81,3.4,1,0,0,0
F157S ,-0.023,0.06,0.157764,0.142015,-0.0343447,-0.015179,42.062,0.903674,1,1,-4.29,9.84,1,1,0,nan
D540D ,-0.237,0.11,0.169504,0.185623,-0.0346894,-0.122074,9.0419,0,0,0,0,0,0,0,0,0
K358K ,-0.22,0.22,0.165889,0.197021,-0.0346894,-0.064065,14.0885,0,0,0,0,0,0,0,0,0
A300A ,0.075,0.05,0.124,0.193318,0.0384369,0.00426645,19.503,0.788163,0,0,0,0,0,0,0,0
